split,fold,task,target,feature_set,model,transform,n_features,n_train,n_test,original_n,original_mae,original_rmse,original_r2,original_pearson_r,original_spearman_r,original_bias,modelscale_mae,modelscale_rmse,modelscale_r2,modelscale_pearson_r,modelscale_spearman_r,modelscale_bias,accuracy,balanced_accuracy,macro_f1,experiment_group,experiment_family,validation_design,preset_or_model_config,station_temporal_available,rank_metric
temporal,,regression,BOD,S2 + Context,Stacking_RidgeMeta,raw,138,276,114,114.0,0.5471578045663859,0.7699312459905285,0.2000713928553548,0.4740034791539511,0.4383244439728105,-0.0977287775719725,0.5471578045663859,0.7699312459905285,0.2000713928553548,0.4740034791539511,0.4383244439728105,-0.0977287775719725,,,,Manual baseline/stacking: temporal,Manual baseline + stacking,temporal train 2562-2566 test 2567-2568,Numeric-only sklearn-style pipeline; imputer median; Ridge/ElasticNet scaled; RF/ExtraTrees; XGBoost; CatBoost; stacking with OOF meta model,False,0.7699312459905285
temporal,,regression,BOD,S2 + Context,CatBoost,raw,138,276,114,114.0,0.5329703999126643,0.7713803851911889,0.1970573605769451,0.4823860886649786,0.4645812311610524,-0.0639412012621348,0.5329703999126643,0.7713803851911889,0.1970573605769451,0.4823860886649786,0.4645812311610524,-0.0639412012621348,,,,Manual baseline/stacking: temporal,Manual baseline + stacking,temporal train 2562-2566 test 2567-2568,Numeric-only sklearn-style pipeline; imputer median; Ridge/ElasticNet scaled; RF/ExtraTrees; XGBoost; CatBoost; stacking with OOF meta model,False,0.7713803851911889
temporal,,regression,BOD,S2 only,ElasticNet,raw,32,276,114,114.0,0.5605326720414807,0.7749190201495093,0.1896736155550916,0.4501340394921871,0.4415659725518286,0.0016367370373163,0.5605326720414807,0.7749190201495093,0.1896736155550916,0.4501340394921871,0.4415659725518286,0.0016367370373163,,,,Manual baseline/stacking: temporal,Manual baseline + stacking,temporal train 2562-2566 test 2567-2568,Numeric-only sklearn-style pipeline; imputer median; Ridge/ElasticNet scaled; RF/ExtraTrees; XGBoost; CatBoost; stacking with OOF meta model,False,0.7749190201495093
temporal,,regression,BOD,S2 only,Stacking_RidgeMeta,raw,32,276,114,114.0,0.5487795241955471,0.7754620256435456,0.1885375849997279,0.4370960205636388,0.4489172238474241,-0.0429947717943323,0.5487795241955471,0.7754620256435456,0.1885375849997279,0.4370960205636388,0.4489172238474241,-0.0429947717943323,,,,Manual baseline/stacking: temporal,Manual baseline + stacking,temporal train 2562-2566 test 2567-2568,Numeric-only sklearn-style pipeline; imputer median; Ridge/ElasticNet scaled; RF/ExtraTrees; XGBoost; CatBoost; stacking with OOF meta model,False,0.7754620256435456
temporal,,regression,BOD,S2 only,Ridge,raw,32,276,114,114.0,0.5584002476829518,0.7762107914098831,0.186969774853155,0.4452067763229,0.4489740215947411,-0.0039483096320661,0.5584002476829518,0.7762107914098831,0.186969774853155,0.4452067763229,0.4489740215947411,-0.0039483096320661,,,,Manual baseline/stacking: temporal,Manual baseline + stacking,temporal train 2562-2566 test 2567-2568,Numeric-only sklearn-style pipeline; imputer median; Ridge/ElasticNet scaled; RF/ExtraTrees; XGBoost; CatBoost; stacking with OOF meta model,False,0.7762107914098831
temporal,,regression,BOD,S2 only,CatBoost,raw,32,276,114,114.0,0.5365087464664199,0.7762569692835694,0.1868730353482977,0.4708752598917196,0.5296024808931218,0.0282328416069145,0.5365087464664199,0.7762569692835694,0.1868730353482977,0.4708752598917196,0.5296024808931218,0.0282328416069145,,,,Manual baseline/stacking: temporal,Manual baseline + stacking,temporal train 2562-2566 test 2567-2568,Numeric-only sklearn-style pipeline; imputer median; Ridge/ElasticNet scaled; RF/ExtraTrees; XGBoost; CatBoost; stacking with OOF meta model,False,0.7762569692835694
temporal,,regression,BOD,S2 + Context,Ridge,raw,138,276,114,114.0,0.5566322933334132,0.7776372566472708,0.183978770276103,0.4822984591073682,0.4834613757153147,-0.0839526535626828,0.5955574468324913,0.9064139947733596,-0.1086655255693516,0.3801787652367166,0.4834380832702841,-0.122877807061761,,,,Manual baseline/stacking: temporal,Manual baseline + stacking,temporal train 2562-2566 test 2567-2568,Numeric-only sklearn-style pipeline; imputer median; Ridge/ElasticNet scaled; RF/ExtraTrees; XGBoost; CatBoost; stacking with OOF meta model,False,0.7776372566472708
temporal,,regression,BOD,S2 + Context,RandomForest,raw,138,276,114,114.0,0.5380567141331238,0.7802825167229474,0.178417668986809,0.4506189238669554,0.4398092993669539,-0.0756500962849868,0.5380567141331238,0.7802825167229474,0.178417668986809,0.4506189238669554,0.4398092993669539,-0.0756500962849868,,,,Manual baseline/stacking: temporal,Manual baseline + stacking,temporal train 2562-2566 test 2567-2568,Numeric-only sklearn-style pipeline; imputer median; Ridge/ElasticNet scaled; RF/ExtraTrees; XGBoost; CatBoost; stacking with OOF meta model,False,0.7802825167229474
temporal,,regression,BOD,Context only,ElasticNet,raw,106,276,114,114.0,0.5779928294084704,0.7853195882120961,0.167776070963732,0.4868239213955473,0.3660563326652691,-0.1674113266599153,0.6514361693978743,1.0784815573045536,-0.569541430921723,0.3008048580805478,0.3663211283027059,-0.2408546666493191,,,,Manual baseline/stacking: temporal,Manual baseline + stacking,temporal train 2562-2566 test 2567-2568,Numeric-only sklearn-style pipeline; imputer median; Ridge/ElasticNet scaled; RF/ExtraTrees; XGBoost; CatBoost; stacking with OOF meta model,False,0.7853195882120961
temporal,,regression,BOD,S2 + Context,ElasticNet,raw,138,276,114,114.0,0.5958309741590846,0.7911395602725256,0.155395206779151,0.5206426466905935,0.4663165352699507,-0.006059226713766,0.6581515212804526,1.0277071063522711,-0.4252336177913223,0.3907829433020022,0.4662932775444637,-0.0683797738351341,,,,Manual baseline/stacking: temporal,Manual baseline + stacking,temporal train 2562-2566 test 2567-2568,Numeric-only sklearn-style pipeline; imputer median; Ridge/ElasticNet scaled; RF/ExtraTrees; XGBoost; CatBoost; stacking with OOF meta model,False,0.7911395602725256
temporal,,regression,BOD,S2 + Context,ExtraTrees,raw,138,276,114,114.0,0.550688387635756,0.7926917771056224,0.1520777241384577,0.4343292681779443,0.4329732847791623,-0.108857142857143,0.550688387635756,0.7926917771056224,0.1520777241384577,0.4343292681779443,0.4329732847791623,-0.108857142857143,,,,Manual baseline/stacking: temporal,Manual baseline + stacking,temporal train 2562-2566 test 2567-2568,Numeric-only sklearn-style pipeline; imputer median; Ridge/ElasticNet scaled; RF/ExtraTrees; XGBoost; CatBoost; stacking with OOF meta model,False,0.7926917771056224
temporal,,regression,BOD,Context only,Ridge,raw,106,276,114,114.0,0.5587598468561235,0.7956727507488236,0.1456883892107141,0.4501491824258638,0.4081352392862862,-0.1752441955973668,0.6125119873911988,0.9891969235356703,-0.3204223069430911,0.2953577802317168,0.4081120993821372,-0.2289963361324422,,,,Manual baseline/stacking: temporal,Manual baseline + stacking,temporal train 2562-2566 test 2567-2568,Numeric-only sklearn-style pipeline; imputer median; Ridge/ElasticNet scaled; RF/ExtraTrees; XGBoost; CatBoost; stacking with OOF meta model,False,0.7956727507488236
temporal,,regression,BOD,S2 only,XGBoost,raw,32,276,114,114.0,0.5757105560679185,0.7961123388962527,0.1447441593187867,0.4486359807447771,0.4657374710171477,0.0419107080551615,0.5757105560679185,0.7961123388962527,0.1447441593187867,0.4486359807447771,0.4657374710171477,0.0419107080551615,,,,Manual baseline/stacking: temporal,Manual baseline + stacking,temporal train 2562-2566 test 2567-2568,Numeric-only sklearn-style pipeline; imputer median; Ridge/ElasticNet scaled; RF/ExtraTrees; XGBoost; CatBoost; stacking with OOF meta model,False,0.7961123388962527
temporal,,regression,BOD,Context only,Stacking_RidgeMeta,raw,106,276,114,114.0,0.5621917771857505,0.8071976523412933,0.1207606453161673,0.3974158608892428,0.3550873452798008,-0.164776389442645,0.5621917771857505,0.8071976523412933,0.1207606453161673,0.3974158608892428,0.3550873452798008,-0.164776389442645,,,,Manual baseline/stacking: temporal,Manual baseline + stacking,temporal train 2562-2566 test 2567-2568,Numeric-only sklearn-style pipeline; imputer median; Ridge/ElasticNet scaled; RF/ExtraTrees; XGBoost; CatBoost; stacking with OOF meta model,False,0.8071976523412933
temporal,,regression,BOD,S2 only,RandomForest,raw,32,276,114,114.0,0.5664194088284312,0.8078130094254274,0.1194195799800884,0.4170735355421375,0.4648003081864178,0.0191919401956995,0.5664194088284312,0.8078130094254274,0.1194195799800884,0.4170735355421375,0.4648003081864178,0.0191919401956995,,,,Manual baseline/stacking: temporal,Manual baseline + stacking,temporal train 2562-2566 test 2567-2568,Numeric-only sklearn-style pipeline; imputer median; Ridge/ElasticNet scaled; RF/ExtraTrees; XGBoost; CatBoost; stacking with OOF meta model,False,0.8078130094254274
temporal,,regression,BOD,S2 + Context,XGBoost,raw,138,276,114,114.0,0.5671736062618724,0.8119173416485106,0.1104487512329283,0.4311684204770101,0.4060998363343363,-0.0810451501294186,0.5671736062618724,0.8119173416485106,0.1104487512329283,0.4311684204770101,0.4060998363343363,-0.0810451501294186,,,,Manual baseline/stacking: temporal,Manual baseline + stacking,temporal train 2562-2566 test 2567-2568,Numeric-only sklearn-style pipeline; imputer median; Ridge/ElasticNet scaled; RF/ExtraTrees; XGBoost; CatBoost; stacking with OOF meta model,False,0.8119173416485106
temporal,,regression,BOD,Context only,CatBoost,raw,106,276,114,114.0,0.5649684005024639,0.817472869797611,0.0982336296522178,0.3793488135203947,0.3610429947841795,-0.1261680666937326,0.5649684005024639,0.817472869797611,0.0982336296522178,0.3793488135203947,0.3610429947841795,-0.1261680666937326,,,,Manual baseline/stacking: temporal,Manual baseline + stacking,temporal train 2562-2566 test 2567-2568,Numeric-only sklearn-style pipeline; imputer median; Ridge/ElasticNet scaled; RF/ExtraTrees; XGBoost; CatBoost; stacking with OOF meta model,False,0.817472869797611
temporal,,regression,BOD,Context only,RandomForest,raw,106,276,114,114.0,0.553351506982992,0.818498212310388,0.0959700700954553,0.3725839969620234,0.3446893005388453,-0.1033781609889693,0.553351506982992,0.818498212310388,0.0959700700954553,0.3725839969620234,0.3446893005388453,-0.1033781609889693,,,,Manual baseline/stacking: temporal,Manual baseline + stacking,temporal train 2562-2566 test 2567-2568,Numeric-only sklearn-style pipeline; imputer median; Ridge/ElasticNet scaled; RF/ExtraTrees; XGBoost; CatBoost; stacking with OOF meta model,False,0.818498212310388
temporal,,regression,BOD,Context only,ExtraTrees,raw,106,276,114,114.0,0.5579465329991645,0.8289402188951679,0.0727565771296688,0.3618710994619051,0.3863504481958378,-0.1727585630743523,0.5579465329991645,0.8289402188951679,0.0727565771296688,0.3618710994619051,0.3863504481958378,-0.1727585630743523,,,,Manual baseline/stacking: temporal,Manual baseline + stacking,temporal train 2562-2566 test 2567-2568,Numeric-only sklearn-style pipeline; imputer median; Ridge/ElasticNet scaled; RF/ExtraTrees; XGBoost; CatBoost; stacking with OOF meta model,False,0.8289402188951679
temporal,,regression,BOD,Context only,XGBoost,raw,106,276,114,114.0,0.5793687338368936,0.8358314692091302,0.0572755402475257,0.3616453064466077,0.3263436281554662,-0.1207765820779298,0.5793687338368936,0.8358314692091302,0.0572755402475257,0.3616453064466077,0.3263436281554662,-0.1207765820779298,,,,Manual baseline/stacking: temporal,Manual baseline + stacking,temporal train 2562-2566 test 2567-2568,Numeric-only sklearn-style pipeline; imputer median; Ridge/ElasticNet scaled; RF/ExtraTrees; XGBoost; CatBoost; stacking with OOF meta model,False,0.8358314692091302
temporal,,regression,BOD,S2 only,ExtraTrees,raw,32,276,114,114.0,0.6142589807852965,0.8567266739779956,0.0095514600661876,0.3606415981965614,0.4279669690513671,0.0192355889724312,0.6142589807852965,0.8567266739779956,0.0095514600661876,0.3606415981965614,0.4279669690513671,0.0192355889724312,,,,Manual baseline/stacking: temporal,Manual baseline + stacking,temporal train 2562-2566 test 2567-2568,Numeric-only sklearn-style pipeline; imputer median; Ridge/ElasticNet scaled; RF/ExtraTrees; XGBoost; CatBoost; stacking with OOF meta model,False,0.8567266739779956
temporal,,regression,BOD,S2 only,DummyMedian,raw,32,276,114,114.0,0.6333333333333332,0.9316086822492076,-0.1711550442330851,7.01408035995614e-17,,-0.3561403508771929,0.6333333333333332,0.9316086822492076,-0.1711550442330851,7.01408035995614e-17,,-0.3561403508771929,,,,Manual baseline/stacking: temporal,Manual baseline + stacking,temporal train 2562-2566 test 2567-2568,Numeric-only sklearn-style pipeline; imputer median; Ridge/ElasticNet scaled; RF/ExtraTrees; XGBoost; CatBoost; stacking with OOF meta model,False,0.9316086822492076
temporal,,regression,BOD,Context only,DummyMedian,raw,106,276,114,114.0,0.6333333333333332,0.9316086822492076,-0.1711550442330851,7.01408035995614e-17,,-0.3561403508771929,0.6333333333333332,0.9316086822492076,-0.1711550442330851,7.01408035995614e-17,,-0.3561403508771929,,,,Manual baseline/stacking: temporal,Manual baseline + stacking,temporal train 2562-2566 test 2567-2568,Numeric-only sklearn-style pipeline; imputer median; Ridge/ElasticNet scaled; RF/ExtraTrees; XGBoost; CatBoost; stacking with OOF meta model,False,0.9316086822492076
temporal,,regression,BOD,S2 + Context,DummyMedian,raw,138,276,114,114.0,0.6333333333333332,0.9316086822492076,-0.1711550442330851,7.01408035995614e-17,,-0.3561403508771929,0.6333333333333332,0.9316086822492076,-0.1711550442330851,7.01408035995614e-17,,-0.3561403508771929,,,,Manual baseline/stacking: temporal,Manual baseline + stacking,temporal train 2562-2566 test 2567-2568,Numeric-only sklearn-style pipeline; imputer median; Ridge/ElasticNet scaled; RF/ExtraTrees; XGBoost; CatBoost; stacking with OOF meta model,False,0.9316086822492076
temporal,,regression,DO,S2 + Context,RandomForest,raw,138,276,114,114.0,0.7315498729281716,0.8897228968991052,0.4200323827110742,0.6811320185545958,0.5925809047802922,-0.2373587885975752,0.7315498729281716,0.8897228968991052,0.4200323827110742,0.6811320185545958,0.5925809047802922,-0.2373587885975752,,,,Manual baseline/stacking: temporal,Manual baseline + stacking,temporal train 2562-2566 test 2567-2568,Numeric-only sklearn-style pipeline; imputer median; Ridge/ElasticNet scaled; RF/ExtraTrees; XGBoost; CatBoost; stacking with OOF meta model,False,0.8897228968991052
temporal,,regression,DO,S2 + Context,CatBoost,raw,138,276,114,114.0,0.7250115476549535,0.8999472638117134,0.4066262462994836,0.6821545935986535,0.6039805866603545,-0.2465240063732445,0.7250115476549535,0.8999472638117134,0.4066262462994836,0.6821545935986535,0.6039805866603545,-0.2465240063732445,,,,Manual baseline/stacking: temporal,Manual baseline + stacking,temporal train 2562-2566 test 2567-2568,Numeric-only sklearn-style pipeline; imputer median; Ridge/ElasticNet scaled; RF/ExtraTrees; XGBoost; CatBoost; stacking with OOF meta model,False,0.8999472638117134
temporal,,regression,DO,Context only,RandomForest,raw,106,276,114,114.0,0.7436425738880997,0.9006393161454421,0.4057132959540879,0.6802471570056804,0.5960688671465799,-0.2683614680383663,0.7436425738880997,0.9006393161454421,0.4057132959540879,0.6802471570056804,0.5960688671465799,-0.2683614680383663,,,,Manual baseline/stacking: temporal,Manual baseline + stacking,temporal train 2562-2566 test 2567-2568,Numeric-only sklearn-style pipeline; imputer median; Ridge/ElasticNet scaled; RF/ExtraTrees; XGBoost; CatBoost; stacking with OOF meta model,False,0.9006393161454421
temporal,,regression,DO,S2 + Context,XGBoost,raw,138,276,114,114.0,0.7529110563847058,0.9089509452462576,0.3946938282570443,0.6687647787743166,0.5807153510394598,-0.2207656082354094,0.7529110563847058,0.9089509452462576,0.3946938282570443,0.6687647787743166,0.5807153510394598,-0.2207656082354094,,,,Manual baseline/stacking: temporal,Manual baseline + stacking,temporal train 2562-2566 test 2567-2568,Numeric-only sklearn-style pipeline; imputer median; Ridge/ElasticNet scaled; RF/ExtraTrees; XGBoost; CatBoost; stacking with OOF meta model,False,0.9089509452462576
temporal,,regression,DO,Context only,CatBoost,raw,106,276,114,114.0,0.7586571733887677,0.9184647299863218,0.3819563082992778,0.666439718261518,0.5705188338780823,-0.257506656909806,0.7586571733887677,0.9184647299863218,0.3819563082992778,0.666439718261518,0.5705188338780823,-0.257506656909806,,,,Manual baseline/stacking: temporal,Manual baseline + stacking,temporal train 2562-2566 test 2567-2568,Numeric-only sklearn-style pipeline; imputer median; Ridge/ElasticNet scaled; RF/ExtraTrees; XGBoost; CatBoost; stacking with OOF meta model,False,0.9184647299863218
temporal,,regression,DO,Context only,XGBoost,raw,106,276,114,114.0,0.7512408192952474,0.9284575864758288,0.3684345711259817,0.6598748558922476,0.5785642383605994,-0.2186509483738949,0.7512408192952474,0.9284575864758288,0.3684345711259817,0.6598748558922476,0.5785642383605994,-0.2186509483738949,,,,Manual baseline/stacking: temporal,Manual baseline + stacking,temporal train 2562-2566 test 2567-2568,Numeric-only sklearn-style pipeline; imputer median; Ridge/ElasticNet scaled; RF/ExtraTrees; XGBoost; CatBoost; stacking with OOF meta model,False,0.9284575864758288
temporal,,regression,DO,S2 + Context,ExtraTrees,raw,138,276,114,114.0,0.7795182121971596,0.9658749344773356,0.3165039605328513,0.6430259311922455,0.5525645374699671,-0.1875878028404342,0.7795182121971596,0.9658749344773356,0.3165039605328513,0.6430259311922455,0.5525645374699671,-0.1875878028404342,,,,Manual baseline/stacking: temporal,Manual baseline + stacking,temporal train 2562-2566 test 2567-2568,Numeric-only sklearn-style pipeline; imputer median; Ridge/ElasticNet scaled; RF/ExtraTrees; XGBoost; CatBoost; stacking with OOF meta model,False,0.9658749344773356
temporal,,regression,DO,Context only,ExtraTrees,raw,106,276,114,114.0,0.7758708855472015,0.9748248370303028,0.3037785772416579,0.6439676985869477,0.559965823466724,-0.2607637009189638,0.7758708855472015,0.9748248370303028,0.3037785772416579,0.6439676985869477,0.559965823466724,-0.2607637009189638,,,,Manual baseline/stacking: temporal,Manual baseline + stacking,temporal train 2562-2566 test 2567-2568,Numeric-only sklearn-style pipeline; imputer median; Ridge/ElasticNet scaled; RF/ExtraTrees; XGBoost; CatBoost; stacking with OOF meta model,False,0.9748248370303028
temporal,,regression,DO,S2 only,Stacking_RidgeMeta,raw,32,276,114,114.0,0.8328412119014084,1.045986195304201,0.1984213957333737,0.4910737113299385,0.5124712000261236,-0.2070983319506218,0.8328412119014084,1.045986195304201,0.1984213957333737,0.4910737113299385,0.5124712000261236,-0.2070983319506218,,,,Manual baseline/stacking: temporal,Manual baseline + stacking,temporal train 2562-2566 test 2567-2568,Numeric-only sklearn-style pipeline; imputer median; Ridge/ElasticNet scaled; RF/ExtraTrees; XGBoost; CatBoost; stacking with OOF meta model,False,1.045986195304201
temporal,,regression,DO,Context only,Stacking_RidgeMeta,raw,106,276,114,114.0,0.8005580097150837,1.0492847972180015,0.1933577382900825,0.5969821850080749,0.5416833912262404,-0.2092628296358155,0.8005580097150837,1.0492847972180015,0.1933577382900825,0.5969821850080749,0.5416833912262404,-0.2092628296358155,,,,Manual baseline/stacking: temporal,Manual baseline + stacking,temporal train 2562-2566 test 2567-2568,Numeric-only sklearn-style pipeline; imputer median; Ridge/ElasticNet scaled; RF/ExtraTrees; XGBoost; CatBoost; stacking with OOF meta model,False,1.0492847972180015
temporal,,regression,DO,S2 only,ExtraTrees,raw,32,276,114,114.0,0.8124279448621551,1.0508868032056204,0.1908927598379797,0.4686135037408196,0.4860056272747211,-0.1897940267335003,0.8124279448621551,1.0508868032056204,0.1908927598379797,0.4686135037408196,0.4860056272747211,-0.1897940267335003,,,,Manual baseline/stacking: temporal,Manual baseline + stacking,temporal train 2562-2566 test 2567-2568,Numeric-only sklearn-style pipeline; imputer median; Ridge/ElasticNet scaled; RF/ExtraTrees; XGBoost; CatBoost; stacking with OOF meta model,False,1.0508868032056204
temporal,,regression,DO,S2 only,RandomForest,raw,32,276,114,114.0,0.8218009527019213,1.054014585908655,0.1860692569915277,0.4747482551278652,0.5034981028817249,-0.2272980172754701,0.8218009527019213,1.054014585908655,0.1860692569915277,0.4747482551278652,0.5034981028817249,-0.2272980172754701,,,,Manual baseline/stacking: temporal,Manual baseline + stacking,temporal train 2562-2566 test 2567-2568,Numeric-only sklearn-style pipeline; imputer median; Ridge/ElasticNet scaled; RF/ExtraTrees; XGBoost; CatBoost; stacking with OOF meta model,False,1.054014585908655
temporal,,regression,DO,S2 only,CatBoost,raw,32,276,114,114.0,0.846697871145188,1.055058231284611,0.1844566121253468,0.4767176532441399,0.4739820822071928,-0.238027846833436,0.846697871145188,1.055058231284611,0.1844566121253468,0.4767176532441399,0.4739820822071928,-0.238027846833436,,,,Manual baseline/stacking: temporal,Manual baseline + stacking,temporal train 2562-2566 test 2567-2568,Numeric-only sklearn-style pipeline; imputer median; Ridge/ElasticNet scaled; RF/ExtraTrees; XGBoost; CatBoost; stacking with OOF meta model,False,1.055058231284611
temporal,,regression,DO,S2 only,XGBoost,raw,32,276,114,114.0,0.8690539970732573,1.0745152749782203,0.1540992731450403,0.4792965744712743,0.4710329107755349,-0.2626196635396857,0.8690539970732573,1.0745152749782203,0.1540992731450403,0.4792965744712743,0.4710329107755349,-0.2626196635396857,,,,Manual baseline/stacking: temporal,Manual baseline + stacking,temporal train 2562-2566 test 2567-2568,Numeric-only sklearn-style pipeline; imputer median; Ridge/ElasticNet scaled; RF/ExtraTrees; XGBoost; CatBoost; stacking with OOF meta model,False,1.0745152749782203
temporal,,regression,DO,S2 + Context,Stacking_RidgeMeta,raw,138,276,114,114.0,0.8064348599189403,1.1209453382008792,0.0794167235333221,0.5705481636954556,0.559058386103137,-0.1722272411490175,0.8064348599189403,1.1209453382008792,0.0794167235333221,0.5705481636954556,0.559058386103137,-0.1722272411490175,,,,Manual baseline/stacking: temporal,Manual baseline + stacking,temporal train 2562-2566 test 2567-2568,Numeric-only sklearn-style pipeline; imputer median; Ridge/ElasticNet scaled; RF/ExtraTrees; XGBoost; CatBoost; stacking with OOF meta model,False,1.1209453382008792
temporal,,regression,DO,S2 only,ElasticNet,raw,32,276,114,114.0,0.87550942805292,1.1250796715600635,0.0726135070559472,0.3367047800300896,0.3674108557612806,-0.1299519726666511,0.87550942805292,1.1250796715600635,0.0726135070559472,0.3367047800300896,0.3674108557612806,-0.1299519726666511,,,,Manual baseline/stacking: temporal,Manual baseline + stacking,temporal train 2562-2566 test 2567-2568,Numeric-only sklearn-style pipeline; imputer median; Ridge/ElasticNet scaled; RF/ExtraTrees; XGBoost; CatBoost; stacking with OOF meta model,False,1.1250796715600635
temporal,,regression,DO,S2 only,Ridge,raw,32,276,114,114.0,0.8928716413247489,1.1277597053395216,0.0681900205453575,0.3245983531343999,0.3401998880326459,-0.210575196271353,0.8928716413247489,1.1277597053395216,0.0681900205453575,0.3245983531343999,0.3401998880326459,-0.210575196271353,,,,Manual baseline/stacking: temporal,Manual baseline + stacking,temporal train 2562-2566 test 2567-2568,Numeric-only sklearn-style pipeline; imputer median; Ridge/ElasticNet scaled; RF/ExtraTrees; XGBoost; CatBoost; stacking with OOF meta model,False,1.1277597053395216
temporal,,regression,DO,S2 only,DummyMedian,raw,32,276,114,114.0,0.9614035087719298,1.1904503054829971,-0.0382854125165936,,,-0.2285964912280698,0.9614035087719298,1.1904503054829971,-0.0382854125165936,,,-0.2285964912280698,,,,Manual baseline/stacking: temporal,Manual baseline + stacking,temporal train 2562-2566 test 2567-2568,Numeric-only sklearn-style pipeline; imputer median; Ridge/ElasticNet scaled; RF/ExtraTrees; XGBoost; CatBoost; stacking with OOF meta model,False,1.1904503054829971
temporal,,regression,DO,Context only,DummyMedian,raw,106,276,114,114.0,0.9614035087719298,1.1904503054829971,-0.0382854125165936,,,-0.2285964912280698,0.9614035087719298,1.1904503054829971,-0.0382854125165936,,,-0.2285964912280698,,,,Manual baseline/stacking: temporal,Manual baseline + stacking,temporal train 2562-2566 test 2567-2568,Numeric-only sklearn-style pipeline; imputer median; Ridge/ElasticNet scaled; RF/ExtraTrees; XGBoost; CatBoost; stacking with OOF meta model,False,1.1904503054829971
temporal,,regression,DO,S2 + Context,DummyMedian,raw,138,276,114,114.0,0.9614035087719298,1.1904503054829971,-0.0382854125165936,,,-0.2285964912280698,0.9614035087719298,1.1904503054829971,-0.0382854125165936,,,-0.2285964912280698,,,,Manual baseline/stacking: temporal,Manual baseline + stacking,temporal train 2562-2566 test 2567-2568,Numeric-only sklearn-style pipeline; imputer median; Ridge/ElasticNet scaled; RF/ExtraTrees; XGBoost; CatBoost; stacking with OOF meta model,False,1.1904503054829971
temporal,,regression,DO,Context only,Ridge,raw,106,276,114,114.0,1.192782211383391,3.313425212313008,-7.043564632524516,0.2458797664405557,0.4585788565097323,-0.0146115719912647,1.6100354816186604,5.201289243134644,-18.820573745095768,0.0906897364133098,0.4585191874892833,-0.4318648422265342,,,,Manual baseline/stacking: temporal,Manual baseline + stacking,temporal train 2562-2566 test 2567-2568,Numeric-only sklearn-style pipeline; imputer median; Ridge/ElasticNet scaled; RF/ExtraTrees; XGBoost; CatBoost; stacking with OOF meta model,False,3.313425212313008
temporal,,regression,DO,Context only,ElasticNet,raw,106,276,114,114.0,1.2080637983305147,3.4334556965721754,-7.636884393940697,0.2719143260746499,0.521127344307914,0.0490275248126511,1.6972728963164818,5.713397014499415,-22.91569564195339,0.0942552768629221,0.5210675486222472,-0.4401815731733159,,,,Manual baseline/stacking: temporal,Manual baseline + stacking,temporal train 2562-2566 test 2567-2568,Numeric-only sklearn-style pipeline; imputer median; Ridge/ElasticNet scaled; RF/ExtraTrees; XGBoost; CatBoost; stacking with OOF meta model,False,3.4334556965721754
temporal,,regression,DO,S2 + Context,Ridge,raw,138,276,114,114.0,1.1617345517216977,3.5581321815018105,-8.275522136307293,0.2733872810202042,0.5478522389973315,0.1739051154437176,1.6445780689803997,5.750851922730868,-23.23028828054492,0.1012682098940402,0.5477923891918174,-0.3089384018149847,,,,Manual baseline/stacking: temporal,Manual baseline + stacking,temporal train 2562-2566 test 2567-2568,Numeric-only sklearn-style pipeline; imputer median; Ridge/ElasticNet scaled; RF/ExtraTrees; XGBoost; CatBoost; stacking with OOF meta model,False,3.5581321815018105
temporal,,regression,DO,S2 + Context,ElasticNet,raw,138,276,114,114.0,1.1944801885586072,3.777587502013239,-9.454981690412229,0.2739825451387273,0.5559098129759961,0.2426110293664802,1.732120776815477,6.219641133582481,-27.34163267442186,0.0960365456307666,0.5558499468533113,-0.2950295588903894,,,,Manual baseline/stacking: temporal,Manual baseline + stacking,temporal train 2562-2566 test 2567-2568,Numeric-only sklearn-style pipeline; imputer median; Ridge/ElasticNet scaled; RF/ExtraTrees; XGBoost; CatBoost; stacking with OOF meta model,False,3.777587502013239
temporal,,regression,FCB,S2 + Context,ExtraTrees,log1p,138,276,114,114.0,1383.0223597669572,3155.5785749658294,0.004185544298037,0.4107516950843308,0.5677309793472,-1064.5405723399997,1.2292379987883826,1.6426366274078483,0.3586634664272167,0.6029743795549735,0.5677309793472,0.0604514201362965,,,,Manual baseline/stacking: temporal,Manual baseline + stacking,temporal train 2562-2566 test 2567-2568,Numeric-only sklearn-style pipeline; imputer median; Ridge/ElasticNet scaled; RF/ExtraTrees; XGBoost; CatBoost; stacking with OOF meta model,False,1.6426366274078483
temporal,,regression,FCB,S2 + Context,CatBoost,log1p,138,276,114,114.0,1364.5690053016804,3058.423635491516,0.0645604850979121,0.4940771058965159,0.5712486249495111,-1036.3959439999323,1.2886355523647888,1.658493540391108,0.3462216362971538,0.5940805225200706,0.5712486249495111,0.08153195918346,,,,Manual baseline/stacking: temporal,Manual baseline + stacking,temporal train 2562-2566 test 2567-2568,Numeric-only sklearn-style pipeline; imputer median; Ridge/ElasticNet scaled; RF/ExtraTrees; XGBoost; CatBoost; stacking with OOF meta model,False,1.658493540391108
temporal,,regression,FCB,S2 + Context,Stacking_RidgeMeta,log1p,138,276,114,114.0,1384.6651515495262,3149.0341267882063,0.0083117594988656,0.4930214187625007,0.5633096068217145,-1121.2732598132718,1.2818109301659912,1.668671260328614,0.3381728984175607,0.5920045607344602,0.5633096068217145,0.041758009466102,,,,Manual baseline/stacking: temporal,Manual baseline + stacking,temporal train 2562-2566 test 2567-2568,Numeric-only sklearn-style pipeline; imputer median; Ridge/ElasticNet scaled; RF/ExtraTrees; XGBoost; CatBoost; stacking with OOF meta model,False,1.668671260328614
temporal,,regression,FCB,S2 + Context,XGBoost,log1p,138,276,114,114.0,1404.102885756278,3133.538862498759,0.0180472303275814,0.3386680463397523,0.5743285911450831,-982.7840898885008,1.2771611662553966,1.6734057985464652,0.3344119527362865,0.5789972172671589,0.5743285911450831,0.0543645156697529,,,,Manual baseline/stacking: temporal,Manual baseline + stacking,temporal train 2562-2566 test 2567-2568,Numeric-only sklearn-style pipeline; imputer median; Ridge/ElasticNet scaled; RF/ExtraTrees; XGBoost; CatBoost; stacking with OOF meta model,False,1.6734057985464652
temporal,,regression,FCB,S2 + Context,RandomForest,log1p,138,276,114,114.0,1381.535208608394,3175.395631361874,-0.0083611731671502,0.3986583381147205,0.5475126223081098,-1105.3229566037437,1.2930686777513338,1.6752099542582928,0.3329759928476619,0.5827037150936042,0.5475126223081098,0.0166715017365067,,,,Manual baseline/stacking: temporal,Manual baseline + stacking,temporal train 2562-2566 test 2567-2568,Numeric-only sklearn-style pipeline; imputer median; Ridge/ElasticNet scaled; RF/ExtraTrees; XGBoost; CatBoost; stacking with OOF meta model,False,1.6752099542582928
temporal,,regression,FCB,Context only,ExtraTrees,log1p,106,276,114,114.0,1380.7897411026431,3157.326365903448,0.0030821285906632,0.3787483142484933,0.5368786337591878,-1045.941683478768,1.2732602861990203,1.7009453121066662,0.3123243028208,0.5606617298684506,0.5368786337591878,0.0661115794548607,,,,Manual baseline/stacking: temporal,Manual baseline + stacking,temporal train 2562-2566 test 2567-2568,Numeric-only sklearn-style pipeline; imputer median; Ridge/ElasticNet scaled; RF/ExtraTrees; XGBoost; CatBoost; stacking with OOF meta model,False,1.7009453121066662
temporal,,regression,FCB,Context only,RandomForest,log1p,106,276,114,114.0,1386.7230397750002,3176.505332120584,-0.0090660772564861,0.3644431529688074,0.5329922027308278,-1083.1736139814484,1.3247410808190925,1.7023886902306429,0.3111567200798447,0.561058081829258,0.5329922027308278,0.0315825527295991,,,,Manual baseline/stacking: temporal,Manual baseline + stacking,temporal train 2562-2566 test 2567-2568,Numeric-only sklearn-style pipeline; imputer median; Ridge/ElasticNet scaled; RF/ExtraTrees; XGBoost; CatBoost; stacking with OOF meta model,False,1.7023886902306429
temporal,,regression,FCB,Context only,XGBoost,log1p,106,276,114,114.0,1419.9369831605552,3176.5410706318844,-0.0090887831665991,0.313617639628563,0.5447366001449956,-1023.3013058540992,1.3268472935687992,1.715497672225058,0.3005072116575972,0.5498171628488466,0.5447366001449956,0.0787524315989114,,,,Manual baseline/stacking: temporal,Manual baseline + stacking,temporal train 2562-2566 test 2567-2568,Numeric-only sklearn-style pipeline; imputer median; Ridge/ElasticNet scaled; RF/ExtraTrees; XGBoost; CatBoost; stacking with OOF meta model,False,1.715497672225058
temporal,,regression,FCB,Context only,CatBoost,log1p,106,276,114,114.0,1432.1578678977226,3195.7635822566804,-0.0213385294005818,0.3600557611440625,0.5227594203047499,-1104.1510451923632,1.3607398488029054,1.719632556485665,0.2971311564563828,0.5484787302754142,0.5227594203047499,0.0378010253653295,,,,Manual baseline/stacking: temporal,Manual baseline + stacking,temporal train 2562-2566 test 2567-2568,Numeric-only sklearn-style pipeline; imputer median; Ridge/ElasticNet scaled; RF/ExtraTrees; XGBoost; CatBoost; stacking with OOF meta model,False,1.719632556485665
temporal,,regression,FCB,Context only,Stacking_RidgeMeta,log1p,106,276,114,114.0,1411.0861802141585,3212.7586251730177,-0.0322303527280414,0.4429890043115281,0.4981804795466657,-1195.589327851639,1.366463309366718,1.7410372737536497,0.279524672404611,0.5400683608825342,0.4981804795466657,-0.042637196904768,,,,Manual baseline/stacking: temporal,Manual baseline + stacking,temporal train 2562-2566 test 2567-2568,Numeric-only sklearn-style pipeline; imputer median; Ridge/ElasticNet scaled; RF/ExtraTrees; XGBoost; CatBoost; stacking with OOF meta model,False,1.7410372737536497
temporal,,regression,FCB,S2 only,RandomForest,log1p,32,276,114,114.0,1509.0706601334336,3257.704544260017,-0.0613138121715381,0.3192014675774124,0.3842095725492047,-1159.5835544933552,1.492531017272437,1.8523209907788172,0.184478393722676,0.4300285376212403,0.3842095725492047,0.0423914142122436,,,,Manual baseline/stacking: temporal,Manual baseline + stacking,temporal train 2562-2566 test 2567-2568,Numeric-only sklearn-style pipeline; imputer median; Ridge/ElasticNet scaled; RF/ExtraTrees; XGBoost; CatBoost; stacking with OOF meta model,False,1.8523209907788172
temporal,,regression,FCB,S2 only,ExtraTrees,log1p,32,276,114,114.0,1514.8859092261148,3233.00328896832,-0.0452801948561252,0.3275888373464469,0.3570896596797737,-1133.294442487669,1.4889601707637807,1.8622344603269296,0.1757258256341849,0.4235464728028345,0.3570896596797737,0.0108421925370821,,,,Manual baseline/stacking: temporal,Manual baseline + stacking,temporal train 2562-2566 test 2567-2568,Numeric-only sklearn-style pipeline; imputer median; Ridge/ElasticNet scaled; RF/ExtraTrees; XGBoost; CatBoost; stacking with OOF meta model,False,1.8622344603269296
temporal,,regression,FCB,S2 only,CatBoost,log1p,32,276,114,114.0,1530.8361793122867,3215.408251143412,-0.0339336566383212,0.2969281239048277,0.357426024409027,-1064.640399686023,1.5202768463867526,1.869060046341428,0.1696723827677873,0.418932445349127,0.357426024409027,0.1114451232133534,,,,Manual baseline/stacking: temporal,Manual baseline + stacking,temporal train 2562-2566 test 2567-2568,Numeric-only sklearn-style pipeline; imputer median; Ridge/ElasticNet scaled; RF/ExtraTrees; XGBoost; CatBoost; stacking with OOF meta model,False,1.869060046341428
temporal,,regression,FCB,S2 only,Stacking_RidgeMeta,log1p,32,276,114,114.0,1507.315668702709,3323.55004556947,-0.1046504514248192,0.2918653273022961,0.346747457402011,-1227.0014788774254,1.5175754397809345,1.8795159527301928,0.160356350551196,0.4189134956648651,0.346747457402011,0.0792002759703182,,,,Manual baseline/stacking: temporal,Manual baseline + stacking,temporal train 2562-2566 test 2567-2568,Numeric-only sklearn-style pipeline; imputer median; Ridge/ElasticNet scaled; RF/ExtraTrees; XGBoost; CatBoost; stacking with OOF meta model,False,1.8795159527301928
temporal,,regression,FCB,S2 only,XGBoost,log1p,32,276,114,114.0,1568.730297427109,3254.6112901533543,-0.059299292642087,0.2404136800710003,0.312539569695665,-1080.649513330805,1.5702883978076905,1.9146757096123443,0.1286484049879046,0.3772055442764465,0.312539569695665,0.0328859944732872,,,,Manual baseline/stacking: temporal,Manual baseline + stacking,temporal train 2562-2566 test 2567-2568,Numeric-only sklearn-style pipeline; imputer median; Ridge/ElasticNet scaled; RF/ExtraTrees; XGBoost; CatBoost; stacking with OOF meta model,False,1.9146757096123443
temporal,,regression,FCB,S2 only,Ridge,log1p,32,276,114,114.0,1535.6339315438356,3367.473708088513,-0.1340412608449204,0.1672159045403242,0.2215914100101045,-1244.5694575494736,1.5801608956525908,1.9519324761697747,0.094408046592894,0.3082842724308329,0.2215914100101045,0.0506111935331076,,,,Manual baseline/stacking: temporal,Manual baseline + stacking,temporal train 2562-2566 test 2567-2568,Numeric-only sklearn-style pipeline; imputer median; Ridge/ElasticNet scaled; RF/ExtraTrees; XGBoost; CatBoost; stacking with OOF meta model,False,1.9519324761697747
temporal,,regression,FCB,S2 only,ElasticNet,log1p,32,276,114,114.0,1555.9214798738726,3278.1591063440032,-0.0746832639292565,0.2282694979242964,0.2569704953881877,-1113.611841010903,1.5898592647431862,1.9524338692668568,0.0939427478423882,0.3479416145490469,0.2569704953881877,0.0136854518252857,,,,Manual baseline/stacking: temporal,Manual baseline + stacking,temporal train 2562-2566 test 2567-2568,Numeric-only sklearn-style pipeline; imputer median; Ridge/ElasticNet scaled; RF/ExtraTrees; XGBoost; CatBoost; stacking with OOF meta model,False,1.9524338692668568
temporal,,regression,FCB,S2 only,DummyMedian,log1p,32,276,114,114.0,1571.8274316473146,3387.4677497055336,-0.1475477542302365,5.4873769906492056e-17,,-1214.663796422861,1.6635378740521922,2.0712894890048563,-0.0197285478089652,,,0.2881018663768442,,,,Manual baseline/stacking: temporal,Manual baseline + stacking,temporal train 2562-2566 test 2567-2568,Numeric-only sklearn-style pipeline; imputer median; Ridge/ElasticNet scaled; RF/ExtraTrees; XGBoost; CatBoost; stacking with OOF meta model,False,2.0712894890048563
temporal,,regression,FCB,Context only,DummyMedian,log1p,106,276,114,114.0,1571.8274316473146,3387.4677497055336,-0.1475477542302365,5.4873769906492056e-17,,-1214.663796422861,1.6635378740521922,2.0712894890048563,-0.0197285478089652,,,0.2881018663768442,,,,Manual baseline/stacking: temporal,Manual baseline + stacking,temporal train 2562-2566 test 2567-2568,Numeric-only sklearn-style pipeline; imputer median; Ridge/ElasticNet scaled; RF/ExtraTrees; XGBoost; CatBoost; stacking with OOF meta model,False,2.0712894890048563
temporal,,regression,FCB,S2 + Context,DummyMedian,log1p,138,276,114,114.0,1571.8274316473146,3387.4677497055336,-0.1475477542302365,5.4873769906492056e-17,,-1214.663796422861,1.6635378740521922,2.0712894890048563,-0.0197285478089652,,,0.2881018663768442,,,,Manual baseline/stacking: temporal,Manual baseline + stacking,temporal train 2562-2566 test 2567-2568,Numeric-only sklearn-style pipeline; imputer median; Ridge/ElasticNet scaled; RF/ExtraTrees; XGBoost; CatBoost; stacking with OOF meta model,False,2.0712894890048563
temporal,,regression,FCB,Context only,ElasticNet,log1p,106,276,114,114.0,1418.3823477431222,3055.133172845875,0.0665722227576244,0.4576621968964418,0.4079484276092659,-1078.9582174399727,1.6147020871946511,2.3040172829442973,-0.2617532735528149,0.2611100814968686,0.4080914683261858,-0.2857070612348968,,,,Manual baseline/stacking: temporal,Manual baseline + stacking,temporal train 2562-2566 test 2567-2568,Numeric-only sklearn-style pipeline; imputer median; Ridge/ElasticNet scaled; RF/ExtraTrees; XGBoost; CatBoost; stacking with OOF meta model,False,2.3040172829442973
temporal,,regression,FCB,Context only,Ridge,log1p,106,276,114,114.0,1412.148129408551,3111.031338265045,0.0321028729934635,0.436025052292334,0.4419780703957279,-1118.3743863056036,1.6147177717333423,2.413500075569335,-0.3845148194247205,0.2185814238250017,0.4421210422001566,-0.2508983062334546,,,,Manual baseline/stacking: temporal,Manual baseline + stacking,temporal train 2562-2566 test 2567-2568,Numeric-only sklearn-style pipeline; imputer median; Ridge/ElasticNet scaled; RF/ExtraTrees; XGBoost; CatBoost; stacking with OOF meta model,False,2.413500075569335
temporal,,regression,FCB,S2 + Context,ElasticNet,log1p,138,276,114,114.0,1463.6087725609962,2987.519523296194,0.1074307248470266,0.4734497762762009,0.3947531772921622,-978.98921749208,1.7324353437311644,2.660631442360207,-0.6825671800705406,0.2032646884981282,0.3948962447304195,-0.3405057812059979,,,,Manual baseline/stacking: temporal,Manual baseline + stacking,temporal train 2562-2566 test 2567-2568,Numeric-only sklearn-style pipeline; imputer median; Ridge/ElasticNet scaled; RF/ExtraTrees; XGBoost; CatBoost; stacking with OOF meta model,False,2.660631442360207
temporal,,regression,FCB,S2 + Context,Ridge,log1p,138,276,114,114.0,1403.0002806454963,2945.157230186939,0.1325640862330851,0.5206192202993127,0.4270726248593926,-1000.419764658617,1.6810031891404449,2.73263652194201,-0.7748706672154297,0.1805041336693838,0.427215626848428,-0.2796518512209358,,,,Manual baseline/stacking: temporal,Manual baseline + stacking,temporal train 2562-2566 test 2567-2568,Numeric-only sklearn-style pipeline; imputer median; Ridge/ElasticNet scaled; RF/ExtraTrees; XGBoost; CatBoost; stacking with OOF meta model,False,2.73263652194201
temporal,,regression,SS,S2 + Context,Stacking_RidgeMeta,log1p,138,276,114,114.0,17.03719329272408,52.403625477332966,0.2618991308568327,0.6725564737009906,0.694699040009736,-9.758719015715211,0.470140080937118,0.6187922252359599,0.5099509712294055,0.7164785722373219,0.694699040009736,-0.0346250061077605,,,,Manual baseline/stacking: temporal,Manual baseline + stacking,temporal train 2562-2566 test 2567-2568,Numeric-only sklearn-style pipeline; imputer median; Ridge/ElasticNet scaled; RF/ExtraTrees; XGBoost; CatBoost; stacking with OOF meta model,False,0.6187922252359599
temporal,,regression,SS,S2 + Context,RandomForest,log1p,138,276,114,114.0,17.490043590808153,59.04347303261802,0.0630059363502123,0.2980760071378944,0.7192274925805258,-9.579217912145328,0.4779849879387557,0.6412948215799381,0.4736613017273849,0.6920932918996269,0.7192274925805258,-0.0026599967119123,,,,Manual baseline/stacking: temporal,Manual baseline + stacking,temporal train 2562-2566 test 2567-2568,Numeric-only sklearn-style pipeline; imputer median; Ridge/ElasticNet scaled; RF/ExtraTrees; XGBoost; CatBoost; stacking with OOF meta model,False,0.6412948215799381
temporal,,regression,SS,S2 + Context,ExtraTrees,log1p,138,276,114,114.0,17.23562837545993,59.32628130421219,0.0540083525057913,0.276703708599795,0.7184476263394791,-9.08150137490348,0.4617525546786152,0.6488463364110197,0.4611926025849853,0.6806023222963031,0.7184476263394791,0.0160773085946863,,,,Manual baseline/stacking: temporal,Manual baseline + stacking,temporal train 2562-2566 test 2567-2568,Numeric-only sklearn-style pipeline; imputer median; Ridge/ElasticNet scaled; RF/ExtraTrees; XGBoost; CatBoost; stacking with OOF meta model,False,0.6488463364110197
temporal,,regression,SS,S2 + Context,CatBoost,log1p,138,276,114,114.0,17.82943964687649,59.6489714297901,0.0436894060116738,0.260553453360717,0.709952062181695,-9.445269606021704,0.4729165271728926,0.656419285776316,0.4485419249598891,0.6701834978036645,0.709952062181695,-0.0216812301140573,,,,Manual baseline/stacking: temporal,Manual baseline + stacking,temporal train 2562-2566 test 2567-2568,Numeric-only sklearn-style pipeline; imputer median; Ridge/ElasticNet scaled; RF/ExtraTrees; XGBoost; CatBoost; stacking with OOF meta model,False,0.656419285776316
temporal,,regression,SS,Context only,CatBoost,log1p,106,276,114,114.0,18.615046442273275,59.53270699121066,0.0474137470672609,0.2804588018634172,0.6838721735781851,-10.257997198623844,0.5140881611893273,0.6765250239900132,0.4142428928682301,0.6469215989736516,0.6838721735781851,-0.0082278273347702,,,,Manual baseline/stacking: temporal,Manual baseline + stacking,temporal train 2562-2566 test 2567-2568,Numeric-only sklearn-style pipeline; imputer median; Ridge/ElasticNet scaled; RF/ExtraTrees; XGBoost; CatBoost; stacking with OOF meta model,False,0.6765250239900132
temporal,,regression,SS,S2 only,Stacking_RidgeMeta,log1p,32,276,114,114.0,18.537465022191007,59.54732064425203,0.0469460218694759,0.3220367187138591,0.6846395951451724,-11.353274576090692,0.5310649858208896,0.6765344489095062,0.4142265719581768,0.6687486592776221,0.6846395951451724,-0.0147329919606934,,,,Manual baseline/stacking: temporal,Manual baseline + stacking,temporal train 2562-2566 test 2567-2568,Numeric-only sklearn-style pipeline; imputer median; Ridge/ElasticNet scaled; RF/ExtraTrees; XGBoost; CatBoost; stacking with OOF meta model,False,0.6765344489095062
temporal,,regression,SS,S2 only,RandomForest,log1p,32,276,114,114.0,18.186908632613992,59.50303928584751,0.0483629398006589,0.2687496455640074,0.6687850803936828,-9.208851707998551,0.516505010959342,0.6802064956862407,0.4078504741200532,0.6402701563488401,0.6687850803936828,0.0276546426652356,,,,Manual baseline/stacking: temporal,Manual baseline + stacking,temporal train 2562-2566 test 2567-2568,Numeric-only sklearn-style pipeline; imputer median; Ridge/ElasticNet scaled; RF/ExtraTrees; XGBoost; CatBoost; stacking with OOF meta model,False,0.6802064956862407
temporal,,regression,SS,S2 + Context,XGBoost,log1p,138,276,114,114.0,18.264035153599945,60.3559265565734,0.0208868322708769,0.2238864107897758,0.6903682934371156,-8.948014201904883,0.4828643044982907,0.6818870747770239,0.4049208241488469,0.6397606101218387,0.6903682934371156,-0.0227476808262789,,,,Manual baseline/stacking: temporal,Manual baseline + stacking,temporal train 2562-2566 test 2567-2568,Numeric-only sklearn-style pipeline; imputer median; Ridge/ElasticNet scaled; RF/ExtraTrees; XGBoost; CatBoost; stacking with OOF meta model,False,0.6818870747770239
temporal,,regression,SS,S2 only,ElasticNet,log1p,32,276,114,114.0,18.231337258712088,59.25196514221354,0.0563768958945619,0.3145480992745106,0.6824161467132523,-10.713402050527288,0.5285782484277183,0.6834751714325744,0.4021457495826668,0.6465267409488488,0.6824161467132523,-0.0019340988164412,,,,Manual baseline/stacking: temporal,Manual baseline + stacking,temporal train 2562-2566 test 2567-2568,Numeric-only sklearn-style pipeline; imputer median; Ridge/ElasticNet scaled; RF/ExtraTrees; XGBoost; CatBoost; stacking with OOF meta model,False,0.6834751714325744
temporal,,regression,SS,Context only,Stacking_RidgeMeta,log1p,106,276,114,114.0,18.7049782577653,58.8681996997651,0.0685607013943712,0.3235387882008964,0.6630397892029939,-10.167710708530388,0.5162604517816394,0.6838849829060607,0.4014285882438142,0.6342655967712998,0.6630397892029939,-0.0147522864300574,,,,Manual baseline/stacking: temporal,Manual baseline + stacking,temporal train 2562-2566 test 2567-2568,Numeric-only sklearn-style pipeline; imputer median; Ridge/ElasticNet scaled; RF/ExtraTrees; XGBoost; CatBoost; stacking with OOF meta model,False,0.6838849829060607
temporal,,regression,SS,S2 only,Ridge,log1p,32,276,114,114.0,18.56190204733108,59.48865450093689,0.0488229983095196,0.3312219762170039,0.6852369395000166,-11.469302833107688,0.5381410178950455,0.6872341515535508,0.3955515022603623,0.6557453458326712,0.6852369395000166,-0.0143601240914815,,,,Manual baseline/stacking: temporal,Manual baseline + stacking,temporal train 2562-2566 test 2567-2568,Numeric-only sklearn-style pipeline; imputer median; Ridge/ElasticNet scaled; RF/ExtraTrees; XGBoost; CatBoost; stacking with OOF meta model,False,0.6872341515535508
temporal,,regression,SS,S2 only,ExtraTrees,log1p,32,276,114,114.0,18.15537100009379,59.72831977288436,0.041143439827302,0.2484281207359081,0.6722778855796467,-8.660999173770886,0.5133780693395534,0.6885842970492037,0.3931741609526591,0.6294889562394848,0.6722778855796467,0.0461365824876347,,,,Manual baseline/stacking: temporal,Manual baseline + stacking,temporal train 2562-2566 test 2567-2568,Numeric-only sklearn-style pipeline; imputer median; Ridge/ElasticNet scaled; RF/ExtraTrees; XGBoost; CatBoost; stacking with OOF meta model,False,0.6885842970492037
temporal,,regression,SS,Context only,RandomForest,log1p,106,276,114,114.0,19.45807656718861,60.00603705277066,0.0322059669466563,0.2499724208525294,0.6395981715000457,-10.32693227136562,0.5487660135306764,0.711394835010989,0.3523039456150685,0.5973119503289072,0.6395981715000457,0.0108364502007677,,,,Manual baseline/stacking: temporal,Manual baseline + stacking,temporal train 2562-2566 test 2567-2568,Numeric-only sklearn-style pipeline; imputer median; Ridge/ElasticNet scaled; RF/ExtraTrees; XGBoost; CatBoost; stacking with OOF meta model,False,0.711394835010989
temporal,,regression,SS,Context only,ExtraTrees,log1p,106,276,114,114.0,19.633103783962184,60.57805461268825,0.0136667056381333,0.2022660425705262,0.6436966174902268,-9.681236959697122,0.5368434719672591,0.7194688412796563,0.3375184060710919,0.5817968396799258,0.6436966174902268,0.0006695686927936,,,,Manual baseline/stacking: temporal,Manual baseline + stacking,temporal train 2562-2566 test 2567-2568,Numeric-only sklearn-style pipeline; imputer median; Ridge/ElasticNet scaled; RF/ExtraTrees; XGBoost; CatBoost; stacking with OOF meta model,False,0.7194688412796563
temporal,,regression,SS,S2 only,CatBoost,log1p,32,276,114,114.0,18.708907298634035,59.539754525516926,0.0471881977178457,0.2564943567742508,0.6161772949205298,-8.31611551925716,0.5487938198505872,0.7198867122734853,0.336748637545204,0.5850634527883983,0.6161772949205298,0.051312090828767,,,,Manual baseline/stacking: temporal,Manual baseline + stacking,temporal train 2562-2566 test 2567-2568,Numeric-only sklearn-style pipeline; imputer median; Ridge/ElasticNet scaled; RF/ExtraTrees; XGBoost; CatBoost; stacking with OOF meta model,False,0.7198867122734853
temporal,,regression,SS,Context only,XGBoost,log1p,106,276,114,114.0,18.90276707786605,60.23194724220094,0.024905165202065,0.2227471451170693,0.6310777179941433,-8.860775880187685,0.523191164206224,0.7230360889578984,0.3309327293808699,0.5801525156059879,0.6310777179941433,0.0110307398395289,,,,Manual baseline/stacking: temporal,Manual baseline + stacking,temporal train 2562-2566 test 2567-2568,Numeric-only sklearn-style pipeline; imputer median; Ridge/ElasticNet scaled; RF/ExtraTrees; XGBoost; CatBoost; stacking with OOF meta model,False,0.7230360889578984
temporal,,regression,SS,S2 only,XGBoost,log1p,32,276,114,114.0,19.00938117685116,60.24500520907681,0.0244823285901447,0.2162064813913485,0.5850863508958268,-8.372865485972074,0.5562002330722664,0.7433318357525323,0.292843882538628,0.5508492444015088,0.5850863508958268,0.0426266747408501,,,,Manual baseline/stacking: temporal,Manual baseline + stacking,temporal train 2562-2566 test 2567-2568,Numeric-only sklearn-style pipeline; imputer median; Ridge/ElasticNet scaled; RF/ExtraTrees; XGBoost; CatBoost; stacking with OOF meta model,False,0.7433318357525323
temporal,,regression,SS,S2 only,DummyMedian,log1p,32,276,114,114.0,22.63233526064488,63.1224503804302,-0.0709291691203448,,,-16.244857721811265,0.7214847326900372,0.902212466091704,-0.0417595324975228,,,-0.1806354128528284,,,,Manual baseline/stacking: temporal,Manual baseline + stacking,temporal train 2562-2566 test 2567-2568,Numeric-only sklearn-style pipeline; imputer median; Ridge/ElasticNet scaled; RF/ExtraTrees; XGBoost; CatBoost; stacking with OOF meta model,False,0.902212466091704
temporal,,regression,SS,Context only,DummyMedian,log1p,106,276,114,114.0,22.63233526064488,63.1224503804302,-0.0709291691203448,,,-16.244857721811265,0.7214847326900372,0.902212466091704,-0.0417595324975228,,,-0.1806354128528284,,,,Manual baseline/stacking: temporal,Manual baseline + stacking,temporal train 2562-2566 test 2567-2568,Numeric-only sklearn-style pipeline; imputer median; Ridge/ElasticNet scaled; RF/ExtraTrees; XGBoost; CatBoost; stacking with OOF meta model,False,0.902212466091704
temporal,,regression,SS,S2 + Context,DummyMedian,log1p,138,276,114,114.0,22.63233526064488,63.1224503804302,-0.0709291691203448,,,-16.244857721811265,0.7214847326900372,0.902212466091704,-0.0417595324975228,,,-0.1806354128528284,,,,Manual baseline/stacking: temporal,Manual baseline + stacking,temporal train 2562-2566 test 2567-2568,Numeric-only sklearn-style pipeline; imputer median; Ridge/ElasticNet scaled; RF/ExtraTrees; XGBoost; CatBoost; stacking with OOF meta model,False,0.902212466091704
temporal,,regression,SS,S2 + Context,Ridge,log1p,138,276,114,114.0,777.1911858064451,8138.19717437529,-17800.207564912955,0.8963296972120577,0.6093215134340735,759.6415025321262,0.6775831754013505,1.331468501530701,-1.2688805369006126,0.3789270433449497,0.60933272418794,-0.0220765278829338,,,,Manual baseline/stacking: temporal,Manual baseline + stacking,temporal train 2562-2566 test 2567-2568,Numeric-only sklearn-style pipeline; imputer median; Ridge/ElasticNet scaled; RF/ExtraTrees; XGBoost; CatBoost; stacking with OOF meta model,False,1.331468501530701
temporal,,regression,SS,S2 + Context,ElasticNet,log1p,138,276,114,114.0,3102.287487871341,32951.78522526273,-291843.1182356509,0.8958403452535023,0.5550335870259386,3084.9610924821604,0.784567484619983,1.6898178638670616,-2.6545139992214053,0.3023114988440146,0.5550449077167877,-0.0322340539484553,,,,Manual baseline/stacking: temporal,Manual baseline + stacking,temporal train 2562-2566 test 2567-2568,Numeric-only sklearn-style pipeline; imputer median; Ridge/ElasticNet scaled; RF/ExtraTrees; XGBoost; CatBoost; stacking with OOF meta model,False,1.6898178638670616
temporal,,regression,SS,Context only,ElasticNet,log1p,106,276,114,114.0,15165.321506347282,161726.60264672243,-7030009.529648471,0.8956989283665077,0.4151759085014279,15143.941335829615,0.910353296095256,1.9952510291134684,-4.095008618266502,0.2298457935054517,0.4151875124142047,-0.1277376862850453,,,,Manual baseline/stacking: temporal,Manual baseline + stacking,temporal train 2562-2566 test 2567-2568,Numeric-only sklearn-style pipeline; imputer median; Ridge/ElasticNet scaled; RF/ExtraTrees; XGBoost; CatBoost; stacking with OOF meta model,False,1.9952510291134684
temporal,,regression,SS,Context only,Ridge,log1p,106,276,114,114.0,230673.9027083972,2462691.431043589,-1630095493.2415674,0.8956766418090019,0.3826496128671201,230653.7847224621,1.1584450768203671,2.919713166369807,-9.910137213222916,0.1560926635460777,0.3826612826480012,-0.1625007202260116,,,,Manual baseline/stacking: temporal,Manual baseline + stacking,temporal train 2562-2566 test 2567-2568,Numeric-only sklearn-style pipeline; imputer median; Ridge/ElasticNet scaled; RF/ExtraTrees; XGBoost; CatBoost; stacking with OOF meta model,False,2.919713166369807
temporal,,regression,TCB,S2 + Context,CatBoost,log1p,138,276,114,114.0,4045.339801816541,8475.520323514065,0.0591753621702966,0.3861994589085716,0.6560004893220895,-2584.8173068589867,1.128397759841919,1.4415845486568226,0.4056494608281833,0.6452865150266702,0.6560004893220895,0.1009870155386187,,,,Manual baseline/stacking: temporal,Manual baseline + stacking,temporal train 2562-2566 test 2567-2568,Numeric-only sklearn-style pipeline; imputer median; Ridge/ElasticNet scaled; RF/ExtraTrees; XGBoost; CatBoost; stacking with OOF meta model,False,1.4415845486568226
temporal,,regression,TCB,S2 + Context,RandomForest,log1p,138,276,114,114.0,3885.3249052235215,8402.98506615651,0.0752099974404533,0.4211794495837796,0.6658859283059996,-2649.1630694628966,1.0817926740430182,1.443246962428727,0.4042778781088884,0.6550519360378423,0.6658859283059996,0.1361100292732806,,,,Manual baseline/stacking: temporal,Manual baseline + stacking,temporal train 2562-2566 test 2567-2568,Numeric-only sklearn-style pipeline; imputer median; Ridge/ElasticNet scaled; RF/ExtraTrees; XGBoost; CatBoost; stacking with OOF meta model,False,1.443246962428727
temporal,,regression,TCB,Context only,Stacking_RidgeMeta,log1p,106,276,114,114.0,3876.136745472973,8336.794733608405,0.0897217627650774,0.5914475842761543,0.6418314953250449,-2973.7601163789373,1.1245024965676158,1.4459361407860896,0.4020558113775437,0.6566515115822198,0.6418314953250449,0.0663948040901684,,,,Manual baseline/stacking: temporal,Manual baseline + stacking,temporal train 2562-2566 test 2567-2568,Numeric-only sklearn-style pipeline; imputer median; Ridge/ElasticNet scaled; RF/ExtraTrees; XGBoost; CatBoost; stacking with OOF meta model,False,1.4459361407860896
temporal,,regression,TCB,S2 + Context,ExtraTrees,log1p,138,276,114,114.0,3948.9208827878615,8566.411781012737,0.038888361613618,0.3539125065768448,0.6461434451157286,-2560.179972821208,1.088913166922023,1.450973809609026,0.3978820556069461,0.6462908713310462,0.6461434451157286,0.1518185042624189,,,,Manual baseline/stacking: temporal,Manual baseline + stacking,temporal train 2562-2566 test 2567-2568,Numeric-only sklearn-style pipeline; imputer median; Ridge/ElasticNet scaled; RF/ExtraTrees; XGBoost; CatBoost; stacking with OOF meta model,False,1.450973809609026
temporal,,regression,TCB,S2 + Context,Stacking_RidgeMeta,log1p,138,276,114,114.0,4005.266933530313,8524.368476333884,0.0482993378780891,0.4995248781915616,0.6433120801543953,-3000.924396618016,1.1419806575414362,1.4629818131019017,0.3878747730440781,0.6537664182250779,0.6433120801543953,0.0821407405529631,,,,Manual baseline/stacking: temporal,Manual baseline + stacking,temporal train 2562-2566 test 2567-2568,Numeric-only sklearn-style pipeline; imputer median; Ridge/ElasticNet scaled; RF/ExtraTrees; XGBoost; CatBoost; stacking with OOF meta model,False,1.4629818131019017
temporal,,regression,TCB,Context only,XGBoost,log1p,106,276,114,114.0,3909.034637084364,8350.629239078387,0.0866981311182991,0.4264578729484652,0.6552622251058107,-2539.1086608149685,1.1206420917993531,1.4654907578134444,0.3857734410391964,0.6247749340139918,0.6552622251058107,0.1040639062262667,,,,Manual baseline/stacking: temporal,Manual baseline + stacking,temporal train 2562-2566 test 2567-2568,Numeric-only sklearn-style pipeline; imputer median; Ridge/ElasticNet scaled; RF/ExtraTrees; XGBoost; CatBoost; stacking with OOF meta model,False,1.4654907578134444
temporal,,regression,TCB,Context only,ExtraTrees,log1p,106,276,114,114.0,3923.192606830316,8529.892088479817,0.0470655741083695,0.371322078189133,0.6408336217140306,-2580.355836848624,1.114411648393462,1.4688966426428622,0.3829151277342856,0.6312998205721098,0.6408336217140306,0.1512978839760605,,,,Manual baseline/stacking: temporal,Manual baseline + stacking,temporal train 2562-2566 test 2567-2568,Numeric-only sklearn-style pipeline; imputer median; Ridge/ElasticNet scaled; RF/ExtraTrees; XGBoost; CatBoost; stacking with OOF meta model,False,1.4688966426428622
temporal,,regression,TCB,Context only,CatBoost,log1p,106,276,114,114.0,3991.750335337432,8385.65904635372,0.079019693881146,0.4283327978695758,0.6470196268229608,-2593.4624843961847,1.1504378882608215,1.4696902926756237,0.3822481213275174,0.6296213214475818,0.6470196268229608,0.1462183960587429,,,,Manual baseline/stacking: temporal,Manual baseline + stacking,temporal train 2562-2566 test 2567-2568,Numeric-only sklearn-style pipeline; imputer median; Ridge/ElasticNet scaled; RF/ExtraTrees; XGBoost; CatBoost; stacking with OOF meta model,False,1.4696902926756237
temporal,,regression,TCB,Context only,RandomForest,log1p,106,276,114,114.0,3902.903166655544,8323.62605912723,0.0925952149274206,0.4467138471104047,0.6496035515799369,-2590.756257328208,1.1203540537368215,1.469985210552039,0.3820001720113177,0.6302079770735235,0.6496035515799369,0.1422768699706098,,,,Manual baseline/stacking: temporal,Manual baseline + stacking,temporal train 2562-2566 test 2567-2568,Numeric-only sklearn-style pipeline; imputer median; Ridge/ElasticNet scaled; RF/ExtraTrees; XGBoost; CatBoost; stacking with OOF meta model,False,1.469985210552039
temporal,,regression,TCB,S2 + Context,XGBoost,log1p,138,276,114,114.0,4086.3344862293584,8379.410312452292,0.0803917545910136,0.3915435930303118,0.6321529325775647,-2184.023218404252,1.1186343319334826,1.4824971237162068,0.3714350758839262,0.6122392552628101,0.6321529325775647,0.1079525864500998,,,,Manual baseline/stacking: temporal,Manual baseline + stacking,temporal train 2562-2566 test 2567-2568,Numeric-only sklearn-style pipeline; imputer median; Ridge/ElasticNet scaled; RF/ExtraTrees; XGBoost; CatBoost; stacking with OOF meta model,False,1.4824971237162068
temporal,,regression,TCB,S2 only,RandomForest,log1p,32,276,114,114.0,4378.26117329874,8762.949992089392,-0.0057188945038471,0.3047049739024661,0.4092052520549287,-2724.844957804914,1.3213539216371335,1.6479999797464295,0.223257930995017,0.4782703385473059,0.4092052520549287,0.1367781612552477,,,,Manual baseline/stacking: temporal,Manual baseline + stacking,temporal train 2562-2566 test 2567-2568,Numeric-only sklearn-style pipeline; imputer median; Ridge/ElasticNet scaled; RF/ExtraTrees; XGBoost; CatBoost; stacking with OOF meta model,False,1.6479999797464295
temporal,,regression,TCB,S2 only,ElasticNet,log1p,32,276,114,114.0,4596.044788314935,8683.523176587842,0.012430023567044,0.3006181712428765,0.4120974629681531,-2437.3371571165912,1.36923744136247,1.6613010942017974,0.2106690614149564,0.4790614820942931,0.4120974629681531,0.1223392762164168,,,,Manual baseline/stacking: temporal,Manual baseline + stacking,temporal train 2562-2566 test 2567-2568,Numeric-only sklearn-style pipeline; imputer median; Ridge/ElasticNet scaled; RF/ExtraTrees; XGBoost; CatBoost; stacking with OOF meta model,False,1.6613010942017974
temporal,,regression,TCB,S2 only,Stacking_RidgeMeta,log1p,32,276,114,114.0,4342.175471810247,8932.769459362657,-0.0450767694290143,0.2991655002530851,0.4035303529418839,-3015.0733568671467,1.3396125326742565,1.6668196925299443,0.2054162683960957,0.470073645924208,0.4035303529418839,0.1664834145440429,,,,Manual baseline/stacking: temporal,Manual baseline + stacking,temporal train 2562-2566 test 2567-2568,Numeric-only sklearn-style pipeline; imputer median; Ridge/ElasticNet scaled; RF/ExtraTrees; XGBoost; CatBoost; stacking with OOF meta model,False,1.6668196925299443
temporal,,regression,TCB,S2 only,Ridge,log1p,32,276,114,114.0,4422.166200259072,8929.990404404754,-0.0444266073462771,0.2789433074252523,0.3620739777200699,-2959.1118413324803,1.366283917794227,1.6756273451996195,0.1969967521785453,0.4479570817743117,0.3620739777200699,0.1084057049349561,,,,Manual baseline/stacking: temporal,Manual baseline + stacking,temporal train 2562-2566 test 2567-2568,Numeric-only sklearn-style pipeline; imputer median; Ridge/ElasticNet scaled; RF/ExtraTrees; XGBoost; CatBoost; stacking with OOF meta model,False,1.6756273451996195
temporal,,regression,TCB,S2 only,ExtraTrees,log1p,32,276,114,114.0,4359.652514042716,8678.81171710158,0.0135013936935562,0.3256218151460178,0.3566911391761025,-2637.047310310793,1.3479329088180931,1.6955371715606815,0.1778007918793496,0.441332115392901,0.3566911391761025,0.091176626494142,,,,Manual baseline/stacking: temporal,Manual baseline + stacking,temporal train 2562-2566 test 2567-2568,Numeric-only sklearn-style pipeline; imputer median; Ridge/ElasticNet scaled; RF/ExtraTrees; XGBoost; CatBoost; stacking with OOF meta model,False,1.6955371715606815
temporal,,regression,TCB,Context only,ElasticNet,log1p,106,276,114,114.0,3791.0916131961767,7320.551876012253,0.2981188357116792,0.6514405851690527,0.4761520247223277,-2547.8740817177486,1.283259581139542,1.7338952923102824,0.1401787813934258,0.4469530151800982,0.4761520247223277,-0.0324809284875531,,,,Manual baseline/stacking: temporal,Manual baseline + stacking,temporal train 2562-2566 test 2567-2568,Numeric-only sklearn-style pipeline; imputer median; Ridge/ElasticNet scaled; RF/ExtraTrees; XGBoost; CatBoost; stacking with OOF meta model,False,1.7338952923102824
temporal,,regression,TCB,S2 only,CatBoost,log1p,32,276,114,114.0,4669.6116458999495,8945.236361821766,-0.0479959003865249,0.2180792231251806,0.3444529900524026,-2384.0132039908976,1.3909684483348004,1.744114775579988,0.1300134346924589,0.4034121154834138,0.3444529900524026,0.127317490852624,,,,Manual baseline/stacking: temporal,Manual baseline + stacking,temporal train 2562-2566 test 2567-2568,Numeric-only sklearn-style pipeline; imputer median; Ridge/ElasticNet scaled; RF/ExtraTrees; XGBoost; CatBoost; stacking with OOF meta model,False,1.744114775579988
temporal,,regression,TCB,Context only,Ridge,log1p,106,276,114,114.0,3986.287719644324,8159.054682035347,0.1281221786618731,0.5129544729812451,0.4749107673037489,-2718.665757709079,1.2926222823393367,1.760283241466794,0.113808597798564,0.4305112131448734,0.4749107673037489,-0.0426899263915547,,,,Manual baseline/stacking: temporal,Manual baseline + stacking,temporal train 2562-2566 test 2567-2568,Numeric-only sklearn-style pipeline; imputer median; Ridge/ElasticNet scaled; RF/ExtraTrees; XGBoost; CatBoost; stacking with OOF meta model,False,1.760283241466794
temporal,,regression,TCB,S2 only,XGBoost,log1p,32,276,114,114.0,4624.208057585406,8759.322753966573,-0.0048864746188237,0.296553806496349,0.3345350998941506,-1882.0512637166137,1.4193203589888084,1.7848674165226273,0.0888825881201116,0.3848877032013117,0.3345350998941506,0.1840478454305664,,,,Manual baseline/stacking: temporal,Manual baseline + stacking,temporal train 2562-2566 test 2567-2568,Numeric-only sklearn-style pipeline; imputer median; Ridge/ElasticNet scaled; RF/ExtraTrees; XGBoost; CatBoost; stacking with OOF meta model,False,1.7848674165226273
temporal,,regression,TCB,S2 + Context,ElasticNet,log1p,138,276,114,114.0,4146.7428529619065,7747.738819509322,0.2138129484916491,0.5339947057520585,0.4532577212240969,-2309.4734714142337,1.3413056452086634,1.804842582394858,0.068375113507069,0.4131115824902771,0.4532577212240969,-0.0420026087182639,,,,Manual baseline/stacking: temporal,Manual baseline + stacking,temporal train 2562-2566 test 2567-2568,Numeric-only sklearn-style pipeline; imputer median; Ridge/ElasticNet scaled; RF/ExtraTrees; XGBoost; CatBoost; stacking with OOF meta model,False,1.804842582394858
temporal,,regression,TCB,S2 + Context,Ridge,log1p,138,276,114,114.0,4323.557376042787,8359.858021100807,0.0846783261099528,0.3993472244262654,0.4594964594913328,-2333.011845346764,1.3524280014059264,1.839934251584339,0.031795644900588,0.3987364220823742,0.4594964594913328,-0.0465146031271308,,,,Manual baseline/stacking: temporal,Manual baseline + stacking,temporal train 2562-2566 test 2567-2568,Numeric-only sklearn-style pipeline; imputer median; Ridge/ElasticNet scaled; RF/ExtraTrees; XGBoost; CatBoost; stacking with OOF meta model,False,1.839934251584339
temporal,,regression,TCB,S2 only,DummyMedian,log1p,32,276,114,114.0,4568.760532830994,9202.026686774125,-0.1090290432234599,1.1960644689008606e-16,,-2885.247870245839,1.496600921700769,1.9312612548509016,-0.0667053639266883,-4.291546295859148e-16,,0.4829466603526022,,,,Manual baseline/stacking: temporal,Manual baseline + stacking,temporal train 2562-2566 test 2567-2568,Numeric-only sklearn-style pipeline; imputer median; Ridge/ElasticNet scaled; RF/ExtraTrees; XGBoost; CatBoost; stacking with OOF meta model,False,1.9312612548509016
temporal,,regression,TCB,Context only,DummyMedian,log1p,106,276,114,114.0,4568.760532830994,9202.026686774125,-0.1090290432234599,1.1960644689008606e-16,,-2885.247870245839,1.496600921700769,1.9312612548509016,-0.0667053639266883,-4.291546295859148e-16,,0.4829466603526022,,,,Manual baseline/stacking: temporal,Manual baseline + stacking,temporal train 2562-2566 test 2567-2568,Numeric-only sklearn-style pipeline; imputer median; Ridge/ElasticNet scaled; RF/ExtraTrees; XGBoost; CatBoost; stacking with OOF meta model,False,1.9312612548509016
temporal,,regression,TCB,S2 + Context,DummyMedian,log1p,138,276,114,114.0,4568.760532830994,9202.026686774125,-0.1090290432234599,1.1960644689008606e-16,,-2885.247870245839,1.496600921700769,1.9312612548509016,-0.0667053639266883,-4.291546295859148e-16,,0.4829466603526022,,,,Manual baseline/stacking: temporal,Manual baseline + stacking,temporal train 2562-2566 test 2567-2568,Numeric-only sklearn-style pipeline; imputer median; Ridge/ElasticNet scaled; RF/ExtraTrees; XGBoost; CatBoost; stacking with OOF meta model,False,1.9312612548509016
temporal,,regression,Turbidity,S2 + Context,Stacking_RidgeMeta,log1p,138,276,114,114.0,21.791564337165145,54.052924098874726,0.2618509743276132,0.6798088589655608,0.6973078279253382,-16.66248661487,0.5865496949241327,0.7696038665822285,0.4795260500721325,0.7234088419154846,0.6973078279253382,-0.2231909348521831,,,,Manual baseline/stacking: temporal,Manual baseline + stacking,temporal train 2562-2566 test 2567-2568,Numeric-only sklearn-style pipeline; imputer median; Ridge/ElasticNet scaled; RF/ExtraTrees; XGBoost; CatBoost; stacking with OOF meta model,False,0.7696038665822285
temporal,,regression,Turbidity,S2 only,Stacking_RidgeMeta,log1p,32,276,114,114.0,22.84238827511017,57.306067175449606,0.1703271586729179,0.5514087781682772,0.6793492129315477,-16.338013766304005,0.5945475198141628,0.7966202590466179,0.4423429340499897,0.6797227333378616,0.6793492129315477,-0.1459513773235616,,,,Manual baseline/stacking: temporal,Manual baseline + stacking,temporal train 2562-2566 test 2567-2568,Numeric-only sklearn-style pipeline; imputer median; Ridge/ElasticNet scaled; RF/ExtraTrees; XGBoost; CatBoost; stacking with OOF meta model,False,0.7966202590466179
temporal,,regression,Turbidity,S2 + Context,CatBoost,log1p,138,276,114,114.0,23.455841698951936,55.612769694397805,0.21863363098236,0.5214912078936322,0.6763156083689971,-13.599905027332817,0.6284245211586099,0.8070798243069818,0.4276028044691867,0.6924545618978655,0.6763156083689971,-0.1940461494271912,,,,Manual baseline/stacking: temporal,Manual baseline + stacking,temporal train 2562-2566 test 2567-2568,Numeric-only sklearn-style pipeline; imputer median; Ridge/ElasticNet scaled; RF/ExtraTrees; XGBoost; CatBoost; stacking with OOF meta model,False,0.8070798243069818
temporal,,regression,Turbidity,S2 only,CatBoost,log1p,32,276,114,114.0,22.69611411359888,54.0068346791888,0.2631092357994179,0.5710964098221408,0.6673970539674801,-11.878590048035225,0.6157066018158215,0.8079817413260583,0.4263227743759591,0.6683997219228005,0.6673970539674801,-0.0761620581667721,,,,Manual baseline/stacking: temporal,Manual baseline + stacking,temporal train 2562-2566 test 2567-2568,Numeric-only sklearn-style pipeline; imputer median; Ridge/ElasticNet scaled; RF/ExtraTrees; XGBoost; CatBoost; stacking with OOF meta model,False,0.8079817413260583
temporal,,regression,Turbidity,S2 + Context,RandomForest,log1p,138,276,114,114.0,24.042965512582512,57.19081617716682,0.1736609930919775,0.4805443522587439,0.6770891977834793,-14.41337474636358,0.6266698546013401,0.8092300481831556,0.4245487778274486,0.6777560589356488,0.6770891977834793,-0.1769338143290674,,,,Manual baseline/stacking: temporal,Manual baseline + stacking,temporal train 2562-2566 test 2567-2568,Numeric-only sklearn-style pipeline; imputer median; Ridge/ElasticNet scaled; RF/ExtraTrees; XGBoost; CatBoost; stacking with OOF meta model,False,0.8092300481831556
temporal,,regression,Turbidity,S2 only,ElasticNet,log1p,32,276,114,114.0,22.49243495973496,56.89314384317429,0.1822406263772416,0.5175973040316799,0.6738368820775673,-15.90261719675483,0.6076569134914154,0.8104615626649309,0.4227959616546982,0.66838627238145,0.6738368820775673,-0.1650666181268098,,,,Manual baseline/stacking: temporal,Manual baseline + stacking,temporal train 2562-2566 test 2567-2568,Numeric-only sklearn-style pipeline; imputer median; Ridge/ElasticNet scaled; RF/ExtraTrees; XGBoost; CatBoost; stacking with OOF meta model,False,0.8104615626649309
temporal,,regression,Turbidity,S2 only,ExtraTrees,log1p,32,276,114,114.0,22.67644355980981,56.26156368852822,0.2002960119273993,0.4942364715226011,0.6703051021329156,-12.389149371042706,0.5990480905235536,0.8167860917449496,0.4137522571503957,0.6598316359751749,0.6703051021329156,-0.0895128532697828,,,,Manual baseline/stacking: temporal,Manual baseline + stacking,temporal train 2562-2566 test 2567-2568,Numeric-only sklearn-style pipeline; imputer median; Ridge/ElasticNet scaled; RF/ExtraTrees; XGBoost; CatBoost; stacking with OOF meta model,False,0.8167860917449496
temporal,,regression,Turbidity,S2 only,Ridge,log1p,32,276,114,114.0,23.218156696337697,57.85586749992397,0.1543308561468463,0.5379946430272037,0.663654663292184,-17.326385713491664,0.6116266409090043,0.8245304143514712,0.4025825885258836,0.6557127688932005,0.663654663292184,-0.1673286133627178,,,,Manual baseline/stacking: temporal,Manual baseline + stacking,temporal train 2562-2566 test 2567-2568,Numeric-only sklearn-style pipeline; imputer median; Ridge/ElasticNet scaled; RF/ExtraTrees; XGBoost; CatBoost; stacking with OOF meta model,False,0.8245304143514712
temporal,,regression,Turbidity,S2 only,RandomForest,log1p,32,276,114,114.0,23.838098212964923,57.30028431751959,0.1704945977705532,0.4865122733478174,0.6748210822226938,-13.892259493135883,0.6283122773657752,0.825483804889822,0.4012002225369245,0.6582553091793245,0.6748210822226938,-0.1396252607928261,,,,Manual baseline/stacking: temporal,Manual baseline + stacking,temporal train 2562-2566 test 2567-2568,Numeric-only sklearn-style pipeline; imputer median; Ridge/ElasticNet scaled; RF/ExtraTrees; XGBoost; CatBoost; stacking with OOF meta model,False,0.825483804889822
temporal,,regression,Turbidity,S2 + Context,ExtraTrees,log1p,138,276,114,114.0,24.50707647379568,58.6020893222474,0.1323753842147662,0.4301854751436722,0.6644444535321004,-14.390533097800644,0.6317247335699625,0.8364671827841821,0.3851596947535133,0.65750343054592,0.6644444535321004,-0.1879766890734221,,,,Manual baseline/stacking: temporal,Manual baseline + stacking,temporal train 2562-2566 test 2567-2568,Numeric-only sklearn-style pipeline; imputer median; Ridge/ElasticNet scaled; RF/ExtraTrees; XGBoost; CatBoost; stacking with OOF meta model,False,0.8364671827841821
temporal,,regression,Turbidity,S2 + Context,Ridge,log1p,138,276,114,114.0,32.74436635843999,169.16704772753525,-6.229981820145983,0.7054587922868779,0.6560483757508356,3.7899488459165993,0.594250796036741,0.8418033461615841,0.3772900414159881,0.6725967461254648,0.6560483757508356,-0.1867903917236432,,,,Manual baseline/stacking: temporal,Manual baseline + stacking,temporal train 2562-2566 test 2567-2568,Numeric-only sklearn-style pipeline; imputer median; Ridge/ElasticNet scaled; RF/ExtraTrees; XGBoost; CatBoost; stacking with OOF meta model,False,0.8418033461615841
temporal,,regression,Turbidity,S2 only,XGBoost,log1p,32,276,114,114.0,23.162763099203328,53.10661298501304,0.2874704616342537,0.5852014870373196,0.6412772731612203,-11.819998814141442,0.6596605863117073,0.8424358980879635,0.3763538503746149,0.6546912671100938,0.6412772731612203,-0.1268877497126928,,,,Manual baseline/stacking: temporal,Manual baseline + stacking,temporal train 2562-2566 test 2567-2568,Numeric-only sklearn-style pipeline; imputer median; Ridge/ElasticNet scaled; RF/ExtraTrees; XGBoost; CatBoost; stacking with OOF meta model,False,0.8424358980879635
temporal,,regression,Turbidity,Context only,Stacking_RidgeMeta,log1p,106,276,114,114.0,24.122411678813503,58.66257999014766,0.1305832883905018,0.5691423312994157,0.5804674748940187,-17.70648377330341,0.6524271152888272,0.8528066870669153,0.3609045731371602,0.6190926760690759,0.5804674748940187,-0.1583923619638836,,,,Manual baseline/stacking: temporal,Manual baseline + stacking,temporal train 2562-2566 test 2567-2568,Numeric-only sklearn-style pipeline; imputer median; Ridge/ElasticNet scaled; RF/ExtraTrees; XGBoost; CatBoost; stacking with OOF meta model,False,0.8528066870669153
temporal,,regression,Turbidity,Context only,CatBoost,log1p,106,276,114,114.0,24.617829444757028,57.55895325125183,0.162988471483216,0.4671992592844178,0.5489852208690448,-13.832150348052002,0.6708295766750262,0.8733054678398721,0.3298116497102357,0.597811701433984,0.5489852208690448,-0.1071088367617503,,,,Manual baseline/stacking: temporal,Manual baseline + stacking,temporal train 2562-2566 test 2567-2568,Numeric-only sklearn-style pipeline; imputer median; Ridge/ElasticNet scaled; RF/ExtraTrees; XGBoost; CatBoost; stacking with OOF meta model,False,0.8733054678398721
temporal,,regression,Turbidity,S2 + Context,XGBoost,log1p,138,276,114,114.0,23.71231951154774,55.90739095204332,0.2103327701959538,0.5077925991057013,0.64578920304464,-13.676650002860816,0.675919132810766,0.8785241029339764,0.3217779924573432,0.6653613961566215,0.64578920304464,-0.276276579579738,,,,Manual baseline/stacking: temporal,Manual baseline + stacking,temporal train 2562-2566 test 2567-2568,Numeric-only sklearn-style pipeline; imputer median; Ridge/ElasticNet scaled; RF/ExtraTrees; XGBoost; CatBoost; stacking with OOF meta model,False,0.8785241029339764
temporal,,regression,Turbidity,Context only,RandomForest,log1p,106,276,114,114.0,26.10319711154852,60.51300064805894,0.074869407714306,0.3751946881739356,0.5508402153812586,-15.979788567279387,0.6910630090784661,0.891125245949506,0.3021822520787893,0.569673848481519,0.5508402153812586,-0.1356712746498857,,,,Manual baseline/stacking: temporal,Manual baseline + stacking,temporal train 2562-2566 test 2567-2568,Numeric-only sklearn-style pipeline; imputer median; Ridge/ElasticNet scaled; RF/ExtraTrees; XGBoost; CatBoost; stacking with OOF meta model,False,0.891125245949506
temporal,,regression,Turbidity,Context only,XGBoost,log1p,106,276,114,114.0,24.60116005911158,57.10133047553887,0.1762448930944355,0.4661544333215641,0.5687785793432565,-12.704301394040584,0.6974268504762049,0.8934173146133803,0.2985879129597385,0.5945370524766788,0.5687785793432565,-0.1191188102510684,,,,Manual baseline/stacking: temporal,Manual baseline + stacking,temporal train 2562-2566 test 2567-2568,Numeric-only sklearn-style pipeline; imputer median; Ridge/ElasticNet scaled; RF/ExtraTrees; XGBoost; CatBoost; stacking with OOF meta model,False,0.8934173146133803
temporal,,regression,Turbidity,Context only,ExtraTrees,log1p,106,276,114,114.0,27.457574610194328,62.33826744212006,0.0182178753346374,0.2896329203507549,0.5718688867948266,-15.147784661569418,0.7231942473765837,0.9201570079958196,0.2559735209213296,0.5585982219337383,0.5718688867948266,-0.1673430615870881,,,,Manual baseline/stacking: temporal,Manual baseline + stacking,temporal train 2562-2566 test 2567-2568,Numeric-only sklearn-style pipeline; imputer median; Ridge/ElasticNet scaled; RF/ExtraTrees; XGBoost; CatBoost; stacking with OOF meta model,False,0.9201570079958196
temporal,,regression,Turbidity,Context only,Ridge,log1p,106,276,114,114.0,24.115539134750296,48.56052222188666,0.4042385991862669,0.6750535556469162,0.4939024143928266,-12.09330942082557,0.7315604118036417,0.976523151229248,0.1620278144290586,0.5215583825496084,0.4939024143928266,-0.1981361261394693,,,,Manual baseline/stacking: temporal,Manual baseline + stacking,temporal train 2562-2566 test 2567-2568,Numeric-only sklearn-style pipeline; imputer median; Ridge/ElasticNet scaled; RF/ExtraTrees; XGBoost; CatBoost; stacking with OOF meta model,False,0.976523151229248
temporal,,regression,Turbidity,S2 + Context,ElasticNet,log1p,138,276,114,114.0,22.502604410592934,43.43934658901751,0.523270273758699,0.7388960382353713,0.5424319869809183,-8.596975509167137,0.7166767339382755,0.9795375576599032,0.1568463961504635,0.5821999499322464,0.5424319869809183,-0.169753061936636,,,,Manual baseline/stacking: temporal,Manual baseline + stacking,temporal train 2562-2566 test 2567-2568,Numeric-only sklearn-style pipeline; imputer median; Ridge/ElasticNet scaled; RF/ExtraTrees; XGBoost; CatBoost; stacking with OOF meta model,False,0.9795375576599032
temporal,,regression,Turbidity,S2 only,DummyMedian,log1p,32,276,114,114.0,28.893421052631577,66.88675070726218,-0.1302795308919901,,,-22.70833333333333,0.8385060638630178,1.0900929515002085,-0.0442189702315256,,,-0.2243220961017247,,,,Manual baseline/stacking: temporal,Manual baseline + stacking,temporal train 2562-2566 test 2567-2568,Numeric-only sklearn-style pipeline; imputer median; Ridge/ElasticNet scaled; RF/ExtraTrees; XGBoost; CatBoost; stacking with OOF meta model,False,1.0900929515002085
temporal,,regression,Turbidity,Context only,DummyMedian,log1p,106,276,114,114.0,28.893421052631577,66.88675070726218,-0.1302795308919901,,,-22.70833333333333,0.8385060638630178,1.0900929515002085,-0.0442189702315256,,,-0.2243220961017247,,,,Manual baseline/stacking: temporal,Manual baseline + stacking,temporal train 2562-2566 test 2567-2568,Numeric-only sklearn-style pipeline; imputer median; Ridge/ElasticNet scaled; RF/ExtraTrees; XGBoost; CatBoost; stacking with OOF meta model,False,1.0900929515002085
temporal,,regression,Turbidity,S2 + Context,DummyMedian,log1p,138,276,114,114.0,28.893421052631577,66.88675070726218,-0.1302795308919901,,,-22.70833333333333,0.8385060638630178,1.0900929515002085,-0.0442189702315256,,,-0.2243220961017247,,,,Manual baseline/stacking: temporal,Manual baseline + stacking,temporal train 2562-2566 test 2567-2568,Numeric-only sklearn-style pipeline; imputer median; Ridge/ElasticNet scaled; RF/ExtraTrees; XGBoost; CatBoost; stacking with OOF meta model,False,1.0900929515002085
temporal,,regression,Turbidity,Context only,ElasticNet,log1p,106,276,114,114.0,28.735634151348386,53.30570825874688,0.2821179387547206,0.5700576107857064,0.3867218035266379,-10.37538003209264,0.8898140773568973,1.2011544744719582,-0.2678335572296115,0.3910098652924645,0.3867218035266379,-0.2293811830914845,,,,Manual baseline/stacking: temporal,Manual baseline + stacking,temporal train 2562-2566 test 2567-2568,Numeric-only sklearn-style pipeline; imputer median; Ridge/ElasticNet scaled; RF/ExtraTrees; XGBoost; CatBoost; stacking with OOF meta model,False,1.2011544744719582
